metric,mean_baseline,mean_strain,mean_diff,ci_low,ci_high,rel_change,wilcoxon_p,effect_dz,win_rate,tie_rate,n,mode
unfilled,1.02,1.01,-0.01,-0.04,0.02,-0.00980392156862745,0.5637028616507731,-0.05754160919975786,0.02,0.97,100,today
QR_total,176.81,113.46,-63.35,-64.45,-62.229749999999996,-0.35829421412816015,3.768043867486249e-18,-11.151820672507315,1.0,0.0,100,today
gini_strain,0.23633084564250342,0.1934851670590733,-0.042845678583430115,-0.04518004459013073,-0.040514944915027926,-0.18129532971858686,3.89655984509591e-18,-3.565155643491142,1.0,0.0,100,today
top10_qr_share,0.20943045037336852,0.23280590485138775,0.02337545447801919,0.020156499089495614,0.026728887143760646,0.11161440199524895,4.611279067549772e-16,1.34659828416112,0.11,0.0,100,today
max_qr,6.05,4.54,-1.51,-1.65,-1.38,-0.24958677685950414,3.7597870789210046e-18,-2.191754071946976,0.95,0.05,100,today
offers_per_fill,1.0,1.0,0.0,0.0,0.0,0.0,1.0,0.0,0.0,1.0,100,today
unfilled,1.05,1.04,-0.01,-0.07,0.05,-0.009523809523809523,0.7388826803635273,-0.03318468896580934,0.05,0.91,100,permissive
QR_total,176.88,115.56,-61.32,-62.36025,-60.219500000000004,-0.34667571234735417,3.720421189511192e-18,-11.218590036845113,1.0,0.0,100,permissive
gini_strain,0.23614716934827937,0.19577374453696642,-0.040373424811312904,-0.04267806616581842,-0.03812917655924578,-0.17096721897084674,3.89655984509591e-18,-3.394710488613028,1.0,0.0,100,permissive
top10_qr_share,0.20897513923778124,0.23449298143188876,0.025517842194107524,0.02222686053650303,0.02890103212998039,0.12210946377249297,9.824321331798413e-17,1.4606506414471105,0.08,0.01,100,permissive
max_qr,6.03,4.58,-1.45,-1.6,-1.31,-0.24046434494195687,5.045532741298513e-18,-1.9864350406233053,0.94,0.06,100,permissive
offers_per_fill,1.1108206334862516,1.2032866542392504,0.09246602075299848,0.0847268835984308,0.09984069026585775,0.08324118040803652,5.646931812192125e-18,2.3558470545878625,0.0,0.01,100,permissive
unfilled,1.63,1.46,-0.17,-0.34,-0.01,-0.10429447852760737,0.0569995727905276,-0.19648441675836792,0.3,0.52,100,picky
QR_total,172.0,134.33,-37.67,-38.58025,-36.75975,-0.21901162790697676,3.66361237639806e-18,-7.901532715897068,1.0,0.0,100,picky
gini_strain,0.22783484049381378,0.20777351282519863,-0.020061327668615115,-0.022217446369829284,-0.01784047817140939,-0.08805206273603192,1.219062650217942e-17,-1.7142882935160282,0.96,0.0,100,picky
top10_qr_share,0.21459212776837666,0.23880930052505855,0.02421717275668189,0.02183671182570455,0.02671877029938693,0.11285210230461515,8.0238423978782e-18,1.8921441593591959,0.03,0.0,100,picky
max_qr,6.02,5.43,-0.59,-0.71,-0.47,-0.09800664451827243,1.1052742614815563e-12,-0.9758325881633491,0.54,0.46,100,picky
offers_per_fill,2.053860844477676,2.8118982040032687,0.7580373595255934,0.7003991802350125,0.8201849773265024,0.36907922051475317,4.01592930870838e-18,2.529161154699275,0.01,0.0,100,picky
