arm,seed,n_events,unfilled,no_senior_shifts,QR_total,N_total,LR_total,OT_total,SN_total,gini_strain,top10_qr_share,max_qr,nurses_qr_ge3_28d,gini_sn,changes_per_repair,nurses_disturbed,qr_base_roster,qr_from_repairs,qr_base_kept,repair_share_qr,offers_per_fill,qwen3_8b_n_decisions,qwen3_8b_valid_output_rate,qwen3_8b_fact_check_pass_rate,qwen3_8b_direction_error_rate,qwen3_8b_mean_latency_s
A,0,81,0,0,177,336,4,0.0,69,0.2087086648660487,0.1977401129943503,5,25,0.531055900621118,1.0,49,189,11,166,0.0621468926553672,1.0,,,,,
B,0,81,0,0,113,336,4,0.0,123,0.1791930835734871,0.2300884955752212,5,9,0.410569105691057,1.8148148148148149,61,189,1,112,0.0088495575221238,1.0,81.0,1.0,0.6666666666666666,0.0,9.487370370370371
C,0,81,0,0,121,336,5,0.0,138,0.1960698689956332,0.256198347107438,5,12,0.3722567287784679,2.0,63,189,5,116,0.0413223140495867,1.0,,,,,
B_sn3,0,81,0,0,145,336,4,0.0,86,0.1812617998741348,0.2206896551724138,5,18,0.4823920265780732,1.345679012345679,56,189,1,144,0.0068965517241379,1.0,,,,,
B_sn6,0,81,0,0,158,336,4,0.0,73,0.2041047362341164,0.2151898734177215,5,24,0.4675146771037182,1.1851851851851851,53,189,2,156,0.0126582278481012,1.0,,,,,
A,1,81,0,0,191,336,6,0.0,72,0.2422740524781341,0.1884816753926701,6,25,0.5166666666666666,1.037037037037037,47,190,18,173,0.094240837696335,1.0,,,,,
B,1,81,0,0,118,336,6,3.0,123,0.1966859716859716,0.2288135593220339,5,6,0.3692218350754936,1.8148148148148149,60,190,1,117,0.0084745762711864,1.0,81.0,1.0,0.6666666666666666,0.024691358024691357,9.954777777777778
C,1,81,0,0,122,336,6,0.0,135,0.2153144727612812,0.2377049180327868,5,9,0.3391534391534392,1.962962962962963,60,190,4,118,0.0327868852459016,1.0,,,,,
B_sn3,1,81,0,0,151,336,7,0.0,84,0.1945871136398584,0.2119205298013245,5,14,0.4598639455782314,1.3333333333333333,60,190,1,150,0.0066225165562913,1.0,,,,,
B_sn6,1,81,0,0,162,336,7,0.0,75,0.2025227803298441,0.2037037037037037,5,17,0.4824761904761905,1.2222222222222223,56,190,2,160,0.0123456790123456,1.0,,,,,
A,2,81,4,1,177,334,6,0.0,68,0.2168247482854224,0.2033898305084746,6,24,0.5331932773109245,1.0129870129870129,46,183,9,168,0.0508474576271186,1.0,,,,,
B,2,81,4,0,117,334,6,0.0,117,0.1732541956610724,0.2136752136752136,5,6,0.4076923076923078,1.7792207792207793,60,183,2,115,0.017094017094017,1.0,77.0,1.0,0.6363636363636364,0.0,9.84996103896104
C,2,81,4,1,118,334,6,0.0,131,0.205983586965182,0.2457627118644068,5,9,0.313958560523446,1.9610389610389611,66,183,1,117,0.0084745762711864,1.0,,,,,
B_sn3,2,81,4,1,149,334,6,0.0,85,0.1740125708077908,0.2214765100671141,5,15,0.4596638655462186,1.3636363636363635,58,183,2,147,0.0134228187919463,1.0,,,,,
B_sn6,2,81,4,1,160,334,6,0.0,72,0.1876108901804833,0.21875,5,21,0.480952380952381,1.1948051948051948,52,183,3,157,0.01875,1.0,,,,,
A,3,83,2,0,181,336,13,0.0,73,0.2258325705836794,0.1988950276243093,6,23,0.4733855185909981,1.0246913580246917,55,192,12,169,0.0662983425414364,1.0,,,,,
B,3,83,2,0,106,336,13,0.0,133,0.1658653455697232,0.2075471698113207,4,3,0.387218045112782,1.8888888888888888,61,192,1,105,0.0094339622641509,1.0,80.0,1.0,0.6625,0.0,9.6737375
C,3,83,1,0,110,336,13,0.0,141,0.1934935568029094,0.2454545454545454,5,7,0.3644376899696049,1.9634146341463417,63,192,4,106,0.0363636363636363,1.0,,,,,
B_sn3,3,83,2,0,142,336,13,0.0,92,0.1731101511879049,0.204225352112676,5,12,0.3546583850931677,1.382716049382716,61,192,0,142,0.0,1.0,,,,,
B_sn6,3,83,2,0,160,336,13,0.0,76,0.1862223550508071,0.2,5,20,0.4206766917293234,1.1851851851851851,59,192,1,159,0.00625,1.0,,,,,
A,4,81,0,1,186,336,7,0.0,74,0.1969157437263424,0.1989247311827957,7,25,0.4189189189189188,1.0246913580246917,54,194,11,175,0.0591397849462365,1.0,,,,,
B,4,81,0,1,121,336,7,0.0,123,0.169033028253084,0.2479338842975206,5,7,0.3603948896631823,1.7407407407407407,66,194,0,121,0.0,1.0,81.0,1.0,0.6790123456790124,0.0,9.534592592592594
C,4,81,0,1,129,336,8,0.0,140,0.1843895830197199,0.2248062015503876,5,13,0.3271428571428572,1.9506172839506173,66,194,3,126,0.0232558139534883,1.0,,,,,
B_sn3,4,81,0,1,159,336,7,0.0,82,0.1773082706766917,0.220125786163522,5,22,0.4961672473867595,1.2345679012345678,53,194,0,159,0.0,1.0,,,,,
B_sn6,4,81,0,1,168,336,7,0.0,75,0.1786785899046634,0.2083333333333333,5,24,0.4702857142857144,1.148148148148148,54,194,3,165,0.0178571428571428,1.0,,,,,
