arm,seed,n_events,unfilled,no_senior_shifts,QR_total,N_total,LR_total,OT_total,SN_total,gini_strain,top10_qr_share,max_qr,nurses_qr_ge3_28d,gini_sn,changes_per_repair,nurses_disturbed,qr_base_roster,qr_from_repairs,qr_base_kept,repair_share_qr,offers_per_fill
A,0,81,0,0,177,336,4,0.0,69,0.20870866486604878,0.1977401129943503,5,25,0.531055900621118,1.0,49,189,11,166,0.062146892655367235,1.0
B,0,81,0,0,113,336,4,0.0,123,0.17919308357348718,0.23008849557522124,5,9,0.410569105691057,1.8148148148148149,61,189,1,112,0.008849557522123894,1.0
B_sn3,0,81,0,0,145,336,4,0.0,86,0.18126179987413482,0.2206896551724138,5,18,0.48239202657807323,1.345679012345679,56,189,1,144,0.006896551724137931,1.0
B_sn6,0,81,0,0,158,336,4,0.0,73,0.2041047362341164,0.21518987341772153,5,24,0.4675146771037182,1.1851851851851851,53,189,2,156,0.012658227848101266,1.0
A,1,81,0,0,191,336,6,0.0,72,0.24227405247813416,0.18848167539267016,6,25,0.5166666666666666,1.037037037037037,47,190,18,173,0.09424083769633508,1.0
B,1,81,0,0,118,336,6,3.0,123,0.19668597168597168,0.2288135593220339,5,6,0.36922183507549367,1.8148148148148149,60,190,1,117,0.00847457627118644,1.0
B_sn3,1,81,0,0,151,336,7,0.0,84,0.19458711363985848,0.2119205298013245,5,14,0.4598639455782314,1.3333333333333333,60,190,1,150,0.006622516556291391,1.0
B_sn6,1,81,0,0,162,336,7,0.0,75,0.20252278032984417,0.2037037037037037,5,17,0.4824761904761905,1.2222222222222223,56,190,2,160,0.012345679012345678,1.0
A,2,81,4,1,177,334,6,0.0,68,0.21682474828542242,0.2033898305084746,6,24,0.5331932773109245,1.0129870129870129,46,183,9,168,0.05084745762711865,1.0
B,2,81,4,0,117,334,6,0.0,117,0.17325419566107247,0.21367521367521367,5,6,0.4076923076923078,1.7792207792207793,60,183,2,115,0.017094017094017096,1.0
B_sn3,2,81,4,1,149,334,6,0.0,85,0.17401257080779087,0.2214765100671141,5,15,0.45966386554621863,1.3636363636363635,58,183,2,147,0.013422818791946308,1.0
B_sn6,2,81,4,1,160,334,6,0.0,72,0.18761089018048338,0.21875,5,21,0.480952380952381,1.1948051948051948,52,183,3,157,0.01875,1.0
A,3,83,2,0,181,336,13,0.0,73,0.22583257058367945,0.19889502762430938,6,23,0.4733855185909981,1.0246913580246915,55,192,12,169,0.06629834254143646,1.0
B,3,83,2,0,106,336,13,0.0,133,0.1658653455697232,0.20754716981132076,4,3,0.387218045112782,1.8888888888888888,61,192,1,105,0.009433962264150943,1.0
B_sn3,3,83,2,0,142,336,13,0.0,92,0.17311015118790496,0.20422535211267606,5,12,0.3546583850931677,1.382716049382716,61,192,0,142,0.0,1.0
B_sn6,3,83,2,0,160,336,13,0.0,76,0.1862223550508071,0.2,5,20,0.4206766917293234,1.1851851851851851,59,192,1,159,0.00625,1.0
A,4,81,0,1,186,336,7,0.0,74,0.19691574372634246,0.1989247311827957,7,25,0.41891891891891886,1.0246913580246915,54,194,11,175,0.05913978494623656,1.0
B,4,81,0,1,121,336,7,0.0,123,0.16903302825308408,0.24793388429752067,5,7,0.36039488966318234,1.7407407407407407,66,194,0,121,0.0,1.0
B_sn3,4,81,0,1,159,336,7,0.0,82,0.17730827067669175,0.22012578616352202,5,22,0.49616724738675955,1.2345679012345678,53,194,0,159,0.0,1.0
B_sn6,4,81,0,1,168,336,7,0.0,75,0.17867858990466345,0.20833333333333334,5,24,0.4702857142857144,1.1481481481481481,54,194,3,165,0.017857142857142856,1.0
