seed,event_id,e8_pass,label,role_wrong,role_found_by,has_load_line,load_verdict,load_false,audited
0,0,True,pass_no_known_error,False,,True,same_pick,False,False
0,1,True,pass_no_known_error,False,,True,equal,False,False
0,2,False,flagged_wrong,True,hand,True,rule_lower,False,False
0,3,True,pass_no_known_error,False,,True,rule_lower,False,False
0,4,True,pass_no_known_error,False,,True,equal,False,False
0,5,True,pass_no_known_error,False,,True,equal,False,False
0,6,True,pass_false_load_line,False,,True,rule_higher,True,False
0,7,True,pass_no_known_error,False,,True,equal,False,False
0,8,True,pass_no_known_error,False,,True,rule_lower,False,False
0,9,False,flagged_true,False,,True,rule_lower,False,False
0,10,True,pass_no_known_error,False,,True,equal,False,False
0,11,True,pass_no_known_error,False,,True,rule_lower,False,False
0,12,True,pass_no_known_error,False,,True,rule_lower,False,False
0,13,True,pass_no_known_error,False,,True,rule_lower,False,False
0,14,False,flagged_true,False,,True,rule_lower,False,False
0,15,False,flagged_true,False,,True,equal,False,False
0,16,True,pass_no_known_error,False,,True,equal,False,False
0,17,True,pass_no_known_error,False,,True,rule_lower,False,False
0,18,True,pass_no_known_error,False,,True,same_pick,False,False
0,19,True,pass_no_known_error,False,,True,equal,False,False
0,20,True,pass_false_load_line,False,,True,rule_higher,True,False
0,21,True,pass_false_load_line,False,,True,rule_higher,True,False
0,22,True,pass_no_known_error,False,,True,same_pick,False,False
0,23,True,pass_no_known_error,False,,True,rule_lower,False,False
0,24,True,pass_no_known_error,False,,True,equal,False,False
0,25,True,pass_no_known_error,False,,True,same_pick,False,False
0,26,True,pass_no_known_error,False,,True,rule_lower,False,False
0,27,False,flagged_true,False,,True,rule_lower,False,False
0,28,True,pass_no_known_error,False,,True,rule_lower,False,False
0,29,True,pass_no_known_error,False,,True,rule_lower,False,True
0,30,True,pass_no_known_error,False,,True,rule_lower,False,False
0,31,True,pass_false_load_line,False,,True,rule_higher,True,False
0,32,True,pass_false_load_line,False,,True,rule_higher,True,False
0,33,False,flagged_true,False,,True,rule_lower,False,False
0,34,True,pass_no_known_error,False,,True,rule_lower,False,False
0,35,True,pass_no_known_error,False,,True,rule_lower,False,False
0,36,True,pass_no_known_error,False,,True,equal,False,False
0,37,True,pass_no_known_error,False,,True,equal,False,False
0,38,True,pass_no_known_error,False,,True,equal,False,False
0,39,True,pass_false_load_line,False,,True,rule_higher,True,False
0,40,True,pass_no_known_error,False,,True,rule_lower,False,False
0,41,True,pass_false_load_line,False,,True,rule_higher,True,False
0,42,True,pass_wrong_role,True,hand,True,equal,False,False
0,43,True,pass_no_known_error,False,,True,same_pick,False,False
0,44,True,pass_no_known_error,False,,True,rule_lower,False,False
0,45,True,pass_no_known_error,False,,True,same_pick,False,False
0,46,True,pass_false_load_line,False,,True,rule_higher,True,False
0,47,True,pass_no_known_error,False,,True,rule_lower,False,False
0,48,True,pass_no_known_error,False,,True,rule_lower,False,False
0,49,True,pass_no_known_error,False,,True,rule_lower,False,False
0,50,True,pass_no_known_error,False,,True,rule_lower,False,False
0,51,True,pass_no_known_error,False,,True,equal,False,False
0,52,True,pass_no_known_error,False,,True,equal,False,False
0,53,True,pass_false_load_line,False,,True,rule_higher,True,False
0,54,True,pass_no_known_error,False,,True,equal,False,False
0,55,False,flagged_true,False,,True,rule_lower,False,False
0,56,True,pass_false_load_line,False,,True,rule_higher,True,False
0,57,True,pass_no_known_error,False,,True,rule_lower,False,False
0,58,True,pass_no_known_error,False,,True,equal,False,False
0,59,True,pass_no_known_error,False,,True,rule_lower,False,False
0,60,True,pass_no_known_error,False,,True,equal,False,False
0,61,True,pass_wrong_role,True,hand,True,rule_lower,False,False
0,62,False,flagged_true,False,,True,rule_lower,False,False
0,63,True,pass_no_known_error,False,,True,rule_lower,False,False
0,64,True,pass_no_known_error,False,,True,rule_lower,False,False
0,65,True,pass_no_known_error,False,,True,rule_lower,False,False
0,66,True,pass_false_load_line,False,,True,rule_higher,True,False
0,67,True,pass_no_known_error,False,,True,equal,False,False
0,68,True,pass_false_load_line,False,,True,rule_higher,True,False
0,69,True,pass_no_known_error,False,,True,same_pick,False,False
0,70,True,pass_no_known_error,False,,True,rule_lower,False,False
0,71,True,pass_no_known_error,False,,True,rule_lower,False,False
0,72,True,pass_no_known_error,False,,True,equal,False,False
0,73,True,pass_no_known_error,False,,True,equal,False,False
0,74,True,pass_false_load_line,False,,True,rule_higher,True,False
0,75,True,pass_no_known_error,False,,True,rule_lower,False,False
0,76,True,pass_false_load_line,False,,True,rule_higher,True,False
0,77,True,pass_no_known_error,False,,True,rule_lower,False,False
0,78,True,pass_no_known_error,False,,True,rule_lower,False,False
0,79,True,pass_no_known_error,False,,True,rule_lower,False,False
0,80,True,pass_no_known_error,False,,True,rule_lower,False,False
1,0,False,flagged_true,False,,True,rule_lower,False,False
1,1,True,pass_no_known_error,False,,True,same_pick,False,False
1,2,True,pass_no_known_error,False,,True,rule_lower,False,False
1,3,True,pass_no_known_error,False,,True,rule_lower,False,False
1,4,False,flagged_true,False,,True,rule_lower,False,False
1,5,True,pass_no_known_error,False,,True,rule_lower,False,False
1,6,True,pass_wrong_role,True,check_v3,True,rule_lower,False,False
1,7,True,pass_no_known_error,False,,True,rule_lower,False,False
1,8,True,pass_no_known_error,False,,True,rule_lower,False,True
1,9,True,pass_no_known_error,False,,True,equal,False,False
1,10,True,pass_no_known_error,False,,True,rule_lower,False,False
1,11,True,pass_no_known_error,False,,True,equal,False,False
1,12,True,pass_no_known_error,False,,True,equal,False,False
1,13,True,pass_no_known_error,False,,True,equal,False,False
1,14,True,pass_no_known_error,False,,True,equal,False,False
1,15,True,pass_wrong_role,True,check_v3,True,rule_higher,True,False
1,16,True,pass_false_load_line,False,,True,rule_higher,True,False
1,17,True,pass_false_load_line,False,,True,rule_higher,True,False
1,18,True,pass_no_known_error,False,,True,same_pick,False,False
1,19,True,pass_no_known_error,False,,True,rule_lower,False,False
1,20,True,pass_wrong_role,True,hand,True,rule_lower,False,False
1,21,True,pass_false_load_line,False,,True,rule_higher,True,False
1,22,True,pass_no_known_error,False,,True,same_pick,False,False
1,23,True,pass_no_known_error,False,,True,rule_lower,False,False
1,24,True,pass_no_known_error,False,,True,rule_lower,False,False
1,25,True,pass_false_load_line,False,,True,rule_higher,True,False
1,26,True,pass_no_known_error,False,,True,equal,False,False
1,27,False,flagged_true,False,,True,rule_lower,False,False
1,28,True,pass_no_known_error,False,,True,equal,False,False
1,29,True,pass_no_known_error,False,,True,rule_lower,False,False
1,30,True,pass_wrong_role,True,hand,True,equal,False,False
1,31,True,pass_false_load_line,False,,True,rule_higher,True,False
1,32,True,pass_wrong_role,True,hand,True,rule_lower,False,False
1,33,True,pass_no_known_error,False,,True,rule_lower,False,False
1,34,True,pass_no_known_error,False,,True,rule_lower,False,False
1,35,True,pass_no_known_error,False,,True,rule_lower,False,False
1,36,False,flagged_true,False,,True,rule_lower,False,False
1,37,True,pass_no_known_error,False,,True,equal,False,False
1,38,True,pass_no_known_error,False,,True,equal,False,False
1,39,True,pass_no_known_error,False,,True,same_pick,False,False
1,40,True,pass_no_known_error,False,,True,rule_lower,False,False
1,41,True,pass_false_load_line,False,,True,rule_higher,True,False
1,42,True,pass_wrong_role,True,hand,True,rule_lower,False,False
1,43,True,pass_no_known_error,False,,True,equal,False,False
1,44,True,pass_false_load_line,False,,True,rule_higher,True,False
1,45,True,pass_no_known_error,False,,True,rule_lower,False,False
1,46,False,flagged_wrong,True,hand,True,rule_lower,False,False
1,47,True,pass_no_known_error,False,,True,equal,False,False
1,48,True,pass_no_known_error,False,,True,equal,False,False
1,49,True,pass_false_load_line,False,,True,rule_higher,True,False
1,50,True,pass_no_known_error,False,,True,equal,False,False
1,51,True,pass_no_known_error,False,,True,same_pick,False,False
1,52,True,pass_no_known_error,False,,True,rule_lower,False,False
1,53,True,pass_no_known_error,False,,True,rule_lower,False,False
1,54,True,pass_no_known_error,False,,True,rule_lower,False,False
1,55,True,pass_false_load_line,False,,True,rule_higher,True,True
1,56,True,pass_false_load_line,False,,True,rule_higher,True,False
1,57,True,pass_no_known_error,False,,True,rule_lower,False,False
1,58,True,pass_no_known_error,False,,True,rule_lower,False,False
1,59,True,pass_no_known_error,False,,True,rule_lower,False,False
1,60,True,pass_no_known_error,False,,True,equal,False,False
1,61,True,pass_false_load_line,False,,True,rule_higher,True,False
1,62,True,pass_no_known_error,False,,True,rule_lower,False,False
1,63,True,pass_no_known_error,False,,True,equal,False,False
1,64,True,pass_no_known_error,False,,True,rule_lower,False,False
1,65,True,pass_no_known_error,False,,True,equal,False,False
1,66,True,pass_false_load_line,False,,True,rule_higher,True,False
1,67,True,pass_false_load_line,False,,True,rule_higher,True,False
1,68,True,pass_false_load_line,False,,True,rule_higher,True,False
1,69,False,flagged_true,False,,True,equal,False,False
1,70,True,pass_false_load_line,False,,True,rule_higher,True,False
1,71,False,flagged_wrong,False,,True,rule_higher,True,False
1,72,True,pass_no_known_error,False,,True,rule_lower,False,False
1,73,True,pass_no_known_error,False,,True,equal,False,False
1,74,True,pass_no_known_error,False,,True,equal,False,False
1,75,True,pass_false_load_line,False,,True,rule_higher,True,False
1,76,True,pass_no_known_error,False,,True,equal,False,False
1,77,True,pass_no_known_error,False,,True,rule_lower,False,False
1,78,True,pass_false_load_line,False,,True,rule_higher,True,True
1,79,True,pass_wrong_role,True,hand,True,rule_higher,True,False
1,80,False,flagged_true,False,,True,rule_lower,False,False
2,0,True,pass_no_known_error,False,,True,rule_lower,False,False
2,1,True,pass_no_known_error,False,,True,rule_lower,False,False
2,2,True,pass_false_load_line,False,,True,rule_higher,True,False
2,3,True,pass_false_load_line,False,,True,rule_higher,True,False
2,4,True,pass_false_load_line,False,,True,rule_higher,True,False
2,5,True,pass_no_known_error,False,,True,rule_lower,False,False
2,6,True,pass_no_known_error,False,,True,equal,False,False
2,7,True,pass_no_known_error,False,,True,equal,False,False
2,8,True,pass_no_known_error,False,,True,equal,False,False
2,9,True,pass_no_known_error,False,,True,rule_lower,False,False
2,10,True,pass_false_load_line,False,,True,rule_higher,True,True
2,11,True,pass_no_known_error,False,,True,equal,False,False
2,12,True,pass_no_known_error,False,,True,rule_lower,False,False
2,13,True,pass_no_known_error,False,,True,rule_lower,False,False
2,14,True,pass_no_known_error,False,,True,rule_lower,False,False
2,15,True,pass_no_known_error,False,,True,rule_lower,False,False
2,16,True,pass_no_known_error,False,,True,rule_lower,False,False
2,17,True,pass_wrong_role,True,hand,True,rule_lower,False,False
2,18,True,pass_no_known_error,False,,True,equal,False,False
2,19,True,pass_no_known_error,False,,True,equal,False,False
2,21,True,pass_no_known_error,False,,True,equal,False,False
2,22,True,pass_no_known_error,False,,True,equal,False,True
2,23,True,pass_no_known_error,False,,True,rule_lower,False,False
2,24,True,pass_no_known_error,False,,True,rule_lower,False,False
2,25,True,pass_no_known_error,False,,True,rule_lower,False,False
2,26,True,pass_no_known_error,False,,True,rule_lower,False,False
2,27,True,pass_no_known_error,False,,True,rule_lower,False,False
2,28,True,pass_no_known_error,False,,True,rule_lower,False,False
2,29,True,pass_no_known_error,False,,True,rule_lower,False,False
2,30,True,pass_no_known_error,False,,True,equal,False,False
2,31,True,pass_no_known_error,False,,True,equal,False,False
2,32,True,pass_no_known_error,False,,True,rule_lower,False,False
2,33,False,flagged_wrong,False,,True,rule_higher,True,False
2,34,True,pass_no_known_error,False,,True,rule_lower,False,False
2,35,True,pass_no_known_error,False,,True,rule_lower,False,False
2,36,True,pass_no_known_error,False,,True,equal,False,False
2,37,True,pass_no_known_error,False,,True,rule_lower,False,False
2,38,True,pass_no_known_error,False,,True,equal,False,False
2,39,True,pass_no_known_error,False,,True,rule_lower,False,False
2,40,True,pass_no_known_error,False,,True,equal,False,False
2,41,True,pass_no_known_error,False,,True,rule_lower,False,False
2,42,True,pass_wrong_role,True,hand,True,rule_lower,False,False
2,43,True,pass_no_known_error,False,,True,equal,False,False
2,44,True,pass_no_known_error,False,,True,equal,False,False
2,45,True,pass_wrong_role,True,check_v3,True,rule_higher,True,False
2,46,True,pass_no_known_error,False,,True,same_pick,False,False
2,47,True,pass_no_known_error,False,,True,rule_lower,False,False
2,48,True,pass_no_known_error,False,,True,equal,False,False
2,49,True,pass_no_known_error,False,,True,rule_lower,False,False
2,50,True,pass_no_known_error,False,,True,equal,False,False
2,51,True,pass_no_known_error,False,,True,rule_lower,False,False
2,52,False,flagged_true,False,,True,rule_lower,False,False
2,53,True,pass_no_known_error,False,,True,equal,False,True
2,55,True,pass_no_known_error,False,,True,equal,False,False
2,58,True,pass_wrong_role,True,check_v3,True,rule_lower,False,False
2,59,True,pass_no_known_error,False,,True,rule_lower,False,False
2,60,True,pass_no_known_error,False,,True,rule_lower,False,False
2,61,True,pass_no_known_error,False,,True,rule_lower,False,False
2,62,True,pass_no_known_error,False,,True,same_pick,False,False
2,63,False,flagged_true,False,,True,rule_lower,False,False
2,64,True,pass_wrong_role,True,hand,True,rule_lower,False,False
2,65,True,pass_no_known_error,False,,True,rule_lower,False,False
2,66,True,pass_no_known_error,False,,True,equal,False,False
2,67,True,pass_no_known_error,False,,True,equal,False,False
2,68,True,pass_no_known_error,False,,True,equal,False,False
2,69,False,flagged_true,False,,True,rule_lower,False,False
2,70,True,pass_no_known_error,False,,True,rule_lower,False,False
2,71,True,pass_no_known_error,False,,True,equal,False,False
2,72,True,pass_no_known_error,False,,True,equal,False,False
2,73,False,flagged_true,False,,True,rule_lower,False,False
2,74,True,pass_no_known_error,False,,True,rule_lower,False,True
2,75,True,pass_no_known_error,False,,True,rule_lower,False,False
2,76,True,pass_false_load_line,False,,True,rule_higher,True,False
2,77,True,pass_false_load_line,False,,True,rule_higher,True,False
2,78,True,pass_no_known_error,False,,True,rule_lower,False,False
2,79,True,pass_no_known_error,False,,True,same_pick,False,False
2,80,False,flagged_true,False,,True,rule_lower,False,False
3,0,False,flagged_true,False,,True,rule_lower,False,False
3,1,True,pass_no_known_error,False,,True,equal,False,False
3,2,True,pass_wrong_role,True,check_v3,True,rule_lower,False,False
3,3,True,pass_no_known_error,False,,True,rule_lower,False,False
3,4,True,pass_no_known_error,False,,True,rule_lower,False,False
3,5,True,pass_no_known_error,False,,True,rule_lower,False,False
3,6,True,pass_no_known_error,False,,True,rule_lower,False,True
3,7,True,pass_no_known_error,False,,True,equal,False,False
3,8,True,pass_no_known_error,False,,True,rule_lower,False,False
3,9,True,pass_false_load_line,False,,True,rule_higher,True,False
3,10,True,pass_no_known_error,False,,True,equal,False,False
3,11,True,pass_no_known_error,False,,True,rule_lower,False,False
3,12,True,pass_false_load_line,False,,True,rule_higher,True,False
3,13,True,pass_no_known_error,False,,True,equal,False,False
3,14,True,pass_wrong_role,True,hand,True,rule_lower,False,True
3,15,True,pass_false_load_line,False,,True,rule_higher,True,False
3,16,True,pass_false_load_line,False,,True,rule_higher,True,False
3,17,True,pass_false_load_line,False,,True,rule_higher,True,False
3,18,False,flagged_true,False,,True,rule_lower,False,False
3,19,True,pass_no_known_error,False,,True,equal,False,False
3,20,True,pass_no_known_error,False,,True,equal,False,False
3,21,True,pass_false_load_line,False,,True,rule_higher,True,False
3,22,True,pass_no_known_error,False,,True,rule_lower,False,False
3,23,True,pass_false_load_line,False,,True,rule_higher,True,False
3,24,True,pass_false_load_line,False,,True,rule_higher,True,False
3,25,True,pass_false_load_line,False,,True,rule_higher,True,False
3,26,True,pass_no_known_error,False,,True,rule_lower,False,False
3,27,True,pass_no_known_error,False,,True,rule_lower,False,False
3,28,True,pass_no_known_error,False,,True,rule_lower,False,False
3,29,True,pass_no_known_error,False,,True,equal,False,False
3,30,True,pass_wrong_role,True,hand,True,rule_higher,True,False
3,31,True,pass_no_known_error,False,,True,same_pick,False,False
3,32,True,pass_false_load_line,False,,True,rule_higher,True,False
3,33,True,pass_no_known_error,False,,True,rule_lower,False,False
3,34,True,pass_no_known_error,False,,True,same_pick,False,False
3,35,True,pass_no_known_error,False,,True,rule_lower,False,False
3,36,False,flagged_true,False,,True,rule_lower,False,False
3,37,True,pass_no_known_error,False,,True,rule_lower,False,False
3,38,True,pass_no_known_error,False,,True,rule_lower,False,False
3,39,True,pass_no_known_error,False,,True,rule_lower,False,False
3,40,True,pass_no_known_error,False,,True,rule_lower,False,False
3,41,True,pass_false_load_line,False,,True,rule_higher,True,False
3,42,True,pass_false_load_line,False,,True,rule_higher,True,False
3,44,True,pass_no_known_error,False,,True,equal,False,False
3,45,True,pass_no_known_error,False,,True,rule_lower,False,False
3,48,True,pass_no_known_error,False,,True,rule_lower,False,False
3,49,True,pass_no_known_error,False,,True,rule_lower,False,False
3,50,True,pass_no_known_error,False,,True,rule_lower,False,True
3,51,True,pass_no_known_error,False,,True,equal,False,False
3,52,True,pass_no_known_error,False,,True,rule_lower,False,False
3,53,True,pass_no_known_error,False,,True,rule_lower,False,False
3,54,True,pass_no_known_error,False,,True,equal,False,True
3,55,True,pass_no_known_error,False,,True,rule_lower,False,False
3,56,True,pass_false_load_line,False,,True,rule_higher,True,False
3,57,True,pass_wrong_role,True,check_v3,True,rule_lower,False,False
3,58,True,pass_no_known_error,False,,True,equal,False,False
3,59,True,pass_false_load_line,False,,True,rule_higher,True,False
3,60,True,pass_no_known_error,False,,True,rule_lower,False,False
3,61,True,pass_no_known_error,False,,True,equal,False,False
3,62,True,pass_no_known_error,False,,True,equal,False,False
3,63,True,pass_no_known_error,False,,True,rule_lower,False,False
3,64,True,pass_no_known_error,False,,True,rule_lower,False,True
3,65,True,pass_no_known_error,False,,True,rule_lower,False,False
3,66,True,pass_no_known_error,False,,True,equal,False,False
3,67,True,pass_no_known_error,False,,True,equal,False,True
3,68,True,pass_wrong_role,True,hand,True,rule_lower,False,False
3,69,True,pass_no_known_error,False,,True,rule_lower,False,False
3,70,True,pass_no_known_error,False,,True,rule_lower,False,False
3,71,True,pass_no_known_error,False,,True,rule_lower,False,False
3,72,True,pass_no_known_error,False,,True,rule_lower,False,False
3,73,True,pass_no_known_error,False,,True,rule_lower,False,False
3,74,True,pass_no_known_error,False,,True,rule_lower,False,False
3,75,True,pass_no_known_error,False,,True,equal,False,False
3,76,True,pass_no_known_error,False,,True,rule_lower,False,False
3,77,True,pass_no_known_error,False,,True,rule_lower,False,False
3,78,True,pass_no_known_error,False,,True,rule_lower,False,False
3,79,True,pass_no_known_error,False,,True,same_pick,False,False
3,80,True,pass_wrong_role,True,check_v3,True,equal,False,False
3,81,True,pass_wrong_role,True,hand,True,rule_lower,False,False
3,82,True,pass_no_known_error,False,,True,equal,False,False
4,0,True,pass_no_known_error,False,,True,same_pick,False,False
4,1,True,pass_no_known_error,False,,True,rule_lower,False,False
4,2,True,pass_no_known_error,False,,True,rule_lower,False,False
4,3,True,pass_no_known_error,False,,True,equal,False,False
4,4,True,pass_no_known_error,False,,True,rule_lower,False,False
4,5,True,pass_no_known_error,False,,True,rule_lower,False,False
4,6,True,pass_no_known_error,False,,True,equal,False,False
4,7,True,pass_no_known_error,False,,True,rule_lower,False,False
4,8,True,pass_wrong_role,True,hand,True,rule_lower,False,False
4,9,True,pass_no_known_error,False,,True,rule_lower,False,False
4,10,False,flagged_true,False,,True,rule_lower,False,False
4,11,True,pass_no_known_error,False,,True,rule_lower,False,False
4,12,True,pass_wrong_role,True,hand,True,rule_higher,True,False
4,13,True,pass_no_known_error,False,,True,rule_lower,False,False
4,14,True,pass_wrong_role,True,hand,True,rule_higher,True,False
4,15,False,flagged_wrong,True,hand,True,rule_lower,False,False
4,16,True,pass_false_load_line,False,,True,rule_higher,True,False
4,17,True,pass_false_load_line,False,,True,rule_higher,True,False
4,18,True,pass_no_known_error,False,,True,rule_lower,False,False
4,19,True,pass_no_known_error,False,,True,equal,False,False
4,20,True,pass_false_load_line,False,,True,rule_higher,True,False
4,21,True,pass_no_known_error,False,,True,rule_lower,False,False
4,22,True,pass_no_known_error,False,,True,equal,False,False
4,23,True,pass_no_known_error,False,,True,equal,False,False
4,24,True,pass_no_known_error,False,,True,rule_lower,False,False
4,25,True,pass_no_known_error,False,,True,same_pick,False,False
4,26,True,pass_no_known_error,False,,True,rule_lower,False,True
4,27,True,pass_no_known_error,False,,True,same_pick,False,False
4,28,True,pass_no_known_error,False,,True,equal,False,False
4,29,True,pass_no_known_error,False,,True,rule_lower,False,False
4,30,True,pass_no_known_error,False,,True,rule_lower,False,False
4,31,True,pass_false_load_line,False,,True,rule_higher,True,False
4,32,True,pass_false_load_line,False,,True,rule_higher,True,False
4,33,True,pass_no_known_error,False,,True,rule_lower,False,False
4,34,True,pass_no_known_error,False,,True,rule_lower,False,False
4,35,True,pass_no_known_error,False,,True,rule_lower,False,False
4,36,True,pass_no_known_error,False,,True,same_pick,False,False
4,37,False,flagged_true,False,,True,rule_lower,False,False
4,38,True,pass_false_load_line,False,,True,rule_higher,True,False
4,39,True,pass_false_load_line,False,,True,rule_higher,True,False
4,40,True,pass_no_known_error,False,,True,equal,False,False
4,41,True,pass_no_known_error,False,,True,rule_lower,False,False
4,42,True,pass_no_known_error,False,,True,equal,False,False
4,43,True,pass_no_known_error,False,,True,equal,False,False
4,44,True,pass_no_known_error,False,,True,equal,False,False
4,45,True,pass_no_known_error,False,,True,rule_lower,False,False
4,46,True,pass_no_known_error,False,,True,equal,False,False
4,47,True,pass_no_known_error,False,,True,rule_lower,False,False
4,48,True,pass_false_load_line,False,,True,rule_higher,True,False
4,49,True,pass_no_known_error,False,,True,same_pick,False,False
4,50,False,flagged_true,False,,True,rule_lower,False,False
4,51,True,pass_no_known_error,False,,True,same_pick,False,False
4,52,True,pass_no_known_error,False,,True,equal,False,False
4,53,True,pass_wrong_role,True,hand,True,rule_higher,True,False
4,54,True,pass_no_known_error,False,,True,rule_lower,False,False
4,55,True,pass_no_known_error,False,,True,rule_lower,False,False
4,56,True,pass_no_known_error,False,,True,rule_lower,False,False
4,57,True,pass_no_known_error,False,,True,rule_lower,False,False
4,58,True,pass_no_known_error,False,,True,rule_lower,False,False
4,59,False,flagged_true,False,,True,rule_lower,False,False
4,60,True,pass_false_load_line,False,,True,rule_higher,True,False
4,61,True,pass_no_known_error,False,,True,same_pick,False,False
4,62,True,pass_false_load_line,False,,True,rule_higher,True,False
4,63,True,pass_no_known_error,False,,True,rule_lower,False,False
4,64,True,pass_false_load_line,False,,True,rule_higher,True,False
4,65,True,pass_no_known_error,False,,True,same_pick,False,False
4,66,True,pass_false_load_line,False,,True,rule_higher,True,False
4,67,True,pass_no_known_error,False,,True,rule_lower,False,False
4,68,True,pass_no_known_error,False,,True,same_pick,False,False
4,69,True,pass_no_known_error,False,,True,rule_lower,False,False
4,70,True,pass_no_known_error,False,,True,rule_lower,False,False
4,71,True,pass_no_known_error,False,,True,rule_lower,False,False
4,72,True,pass_no_known_error,False,,True,rule_lower,False,False
4,73,True,pass_no_known_error,False,,True,same_pick,False,False
4,74,True,pass_no_known_error,False,,True,same_pick,False,False
4,75,True,pass_no_known_error,False,,True,rule_lower,False,False
4,76,True,pass_no_known_error,False,,True,equal,False,False
4,77,True,pass_wrong_role,True,check_v3,True,rule_lower,False,False
4,78,True,pass_no_known_error,False,,True,equal,False,False
4,79,True,pass_no_known_error,False,,True,equal,False,False
4,80,True,pass_no_known_error,False,,True,rule_lower,False,False
