metric,mean_strain,mean_ai,mean_diff,ci_low,ci_high,rel_change,wilcoxon_p,effect_dz,win_rate,tie_rate,n,comparison,mean_baseline
QR_total,115.0,133.2,18.2,15.6,21.2,0.15826086956521737,0.0625,4.917123365320522,0.0,0.0,5,ai vs strain,
gini_strain,0.17680632494866766,0.230717615461368,0.05391129051270029,0.04198597197994429,0.06227314793304448,0.3049172054696143,0.0625,4.214651773484998,0.0,0.0,5,ai vs strain,
max_qr,4.8,5.2,0.4,0.0,0.8,0.08333333333333334,0.5,0.7302967433402214,0.0,0.6,5,ai vs strain,
nurses_qr_ge3_28d,6.2,13.0,6.8,5.2,8.6,1.096774193548387,0.0625,3.136606107298209,0.0,0.0,5,ai vs strain,
top10_qr_share,0.22561166453626197,0.23583725768374864,0.010225593147486617,-0.0054435633382339255,0.02358831773918472,0.045323867312024924,0.3125,0.5445779455792257,0.2,0.0,5,ai vs strain,
unfilled,1.2,1.2,0.0,0.0,0.0,0.0,1.0,0.0,0.0,1.0,5,ai vs strain,
changes_per_repair,1.8076960076960078,1.6382555715889047,-0.16944043610710283,-0.19660092993426334,-0.1478274811608145,-0.09373281535486849,0.0625,-5.232856729946214,1.0,0.0,5,ai vs strain,
SN_total,123.8,111.8,-12.0,-14.2,-10.0,-0.09693053311793215,0.0625,-4.381780460041329,1.0,0.0,5,ai vs strain,
n_events,81.4,81.4,0.0,0.0,0.0,0.0,1.0,0.0,0.0,1.0,5,ai vs strain,
QR_total,,133.2,-49.2,-55.8,-42.8,-0.26973684210526316,0.0625,-6.263578442939707,1.0,0.0,5,ai vs baseline,182.4
gini_strain,,0.230717615461368,0.01260645947344256,0.005853496232751443,0.01973396627098855,0.05779832497032133,0.0625,1.3903270359098485,0.0,0.0,5,ai vs baseline,0.2181111559879254
max_qr,,5.2,-0.8,-1.4,-0.2,-0.13333333333333333,0.25,-0.9561828874675149,0.6,0.4,5,ai vs baseline,6.0
nurses_qr_ge3_28d,,13.0,-11.4,-13.6,-8.6,-0.4672131147540984,0.0625,-3.468909530866052,1.0,0.0,5,ai vs baseline,24.4
top10_qr_share,,0.23583725768374864,0.03835098214322863,0.033254778970796414,0.043447185315660844,0.19419568290637906,0.0625,5.855369316232916,0.0,0.0,5,ai vs baseline,0.19748627554052
unfilled,,1.2,0.0,0.0,0.0,0.0,1.0,0.0,0.0,1.0,5,ai vs baseline,1.2
changes_per_repair,,1.6382555715889047,0.6183742183742182,0.5774891774891776,0.6663780663780662,0.6063197610438609,0.0625,10.723258595683646,0.0,0.0,5,ai vs baseline,1.0198813532146866
SN_total,,111.8,40.6,37.2,44.6,0.5702247191011236,0.0625,8.597528062718823,0.0,0.0,5,ai vs baseline,71.2
n_events,,81.4,0.0,0.0,0.0,0.0,1.0,0.0,0.0,1.0,5,ai vs baseline,81.4
